{
  "__version__": "1.3.2",
  "splash-setting": {
    "url": "/Users/bilbo/Downloads/a48ec179743cc547d97f15e11e7a8592的副本.jpeg",
    "clearColor": {
      "x": 0.611764705882353,
      "y": 0.6235294117647059,
      "z": 0.8745098039215686,
      "w": 1
    },
    "displayWatermark": false
  }
}
